Delete Request Time (UTC),Deletion Range Start Time (UTC),Deletion Range End Time (UTC)
2022-03-05T15:32:34.877Z,1970-01-01T00:00:00.000Z,2021-12-05T23:59:59.000Z
2022-03-04T19:41:45.063Z,1970-01-01T00:00:00.000Z,2021-12-04T23:59:59.000Z
2022-03-04T19:00:12.167Z,1970-01-01T00:00:00.000Z,2021-12-04T23:59:59.000Z
2022-03-03T20:17:10.281Z,1970-01-01T00:00:00.000Z,2021-12-03T23:59:59.000Z
2022-03-03T18:44:31.182Z,1970-01-01T00:00:00.000Z,2021-12-03T23:59:59.000Z
2022-03-02T16:55:53.546Z,1970-01-01T00:00:00.000Z,2021-12-02T23:59:59.000Z
2022-03-02T16:31:33.951Z,1970-01-01T00:00:00.000Z,2021-12-02T23:59:59.000Z
2022-03-01T19:17:13.308Z,1970-01-01T00:00:00.000Z,2021-12-01T23:59:59.000Z
2022-03-01T19:13:22.391Z,1970-01-01T00:00:00.000Z,2021-12-01T23:59:59.000Z
2022-02-28T18:29:25.832Z,1970-01-01T00:00:00.000Z,2021-11-30T23:59:59.000Z
2022-02-28T18:10:41.473Z,1970-01-01T00:00:00.000Z,2021-11-30T23:59:59.000Z
2022-02-27T18:30:27.043Z,1970-01-01T00:00:00.000Z,2021-11-29T23:59:59.000Z
2022-02-27T17:58:34.229Z,1970-01-01T00:00:00.000Z,2021-11-29T23:59:59.000Z
2022-02-26T18:18:21.821Z,1970-01-01T00:00:00.000Z,2021-11-28T23:59:59.000Z
2022-02-26T17:20:15.077Z,1970-01-01T00:00:00.000Z,2021-11-28T23:59:59.000Z
2022-02-25T21:35:45.139Z,1970-01-01T00:00:00.000Z,2021-11-27T23:59:59.000Z
2022-02-25T21:00:34.334Z,1970-01-01T00:00:00.000Z,2021-11-27T23:59:59.000Z
2022-02-24T18:38:38.756Z,1970-01-01T00:00:00.000Z,2021-11-26T23:59:59.000Z
2022-02-24T17:51:57.263Z,1970-01-01T00:00:00.000Z,2021-11-26T23:59:59.000Z
2022-02-23T18:05:26.266Z,1970-01-01T00:00:00.000Z,2021-11-25T23:59:59.000Z
2022-02-23T17:52:18.696Z,1970-01-01T00:00:00.000Z,2021-11-25T23:59:59.000Z
2022-02-22T15:04:51.955Z,1970-01-01T00:00:00.000Z,2021-11-24T23:59:59.000Z
2022-02-22T15:02:35.249Z,1970-01-01T00:00:00.000Z,2021-11-24T23:59:59.000Z
2022-02-21T21:46:12.399Z,1970-01-01T00:00:00.000Z,2021-11-23T23:59:59.000Z
2022-02-21T19:47:54.935Z,1970-01-01T00:00:00.000Z,2021-11-23T23:59:59.000Z
2022-02-20T17:47:00.869Z,1970-01-01T00:00:00.000Z,2021-11-22T23:59:59.000Z
2022-02-20T17:45:42.687Z,1970-01-01T00:00:00.000Z,2021-11-22T23:59:59.000Z
2022-02-19T18:31:55.222Z,1970-01-01T00:00:00.000Z,2021-11-21T23:59:59.000Z
2022-02-19T18:27:51.313Z,1970-01-01T00:00:00.000Z,2021-11-21T23:59:59.000Z
2022-02-18T19:45:20.082Z,1970-01-01T00:00:00.000Z,2021-11-20T23:59:59.000Z
2022-02-17T23:51:23.744Z,1970-01-01T00:00:00.000Z,2021-11-19T23:59:59.000Z
2022-02-17T18:22:13.674Z,1970-01-01T00:00:00.000Z,2021-11-19T23:59:59.000Z
2022-02-16T16:45:09.167Z,1970-01-01T00:00:00.000Z,2021-11-18T23:59:59.000Z
2022-02-16T15:49:03.533Z,1970-01-01T00:00:00.000Z,2021-11-18T23:59:59.000Z
2022-02-15T14:40:14.215Z,1970-01-01T00:00:00.000Z,2021-11-17T23:59:59.000Z
2022-02-15T14:20:13.425Z,1970-01-01T00:00:00.000Z,2021-11-17T23:59:59.000Z
2022-02-14T18:23:14.430Z,1970-01-01T00:00:00.000Z,2021-11-16T23:59:59.000Z
2022-02-14T17:49:52.968Z,1970-01-01T00:00:00.000Z,2021-11-16T23:59:59.000Z
2022-02-13T18:13:06.794Z,1970-01-01T00:00:00.000Z,2021-11-15T23:59:59.000Z
2022-02-13T17:41:11.454Z,1970-01-01T00:00:00.000Z,2021-11-15T23:59:59.000Z
2022-02-12T19:03:39.314Z,1970-01-01T00:00:00.000Z,2021-11-14T23:59:59.000Z
2022-02-12T18:39:38.351Z,1970-01-01T00:00:00.000Z,2021-11-14T23:59:59.000Z
2022-02-11T17:57:56.063Z,1970-01-01T00:00:00.000Z,2021-11-13T23:59:59.000Z
2022-02-11T17:33:30.249Z,1970-01-01T00:00:00.000Z,2021-11-13T23:59:59.000Z
2022-02-10T18:55:02.278Z,1970-01-01T00:00:00.000Z,2021-11-12T23:59:59.000Z
2022-02-10T16:25:39.450Z,1970-01-01T00:00:00.000Z,2021-11-12T23:59:59.000Z
2022-02-09T23:54:15.365Z,1970-01-01T00:00:00.000Z,2021-11-11T23:59:59.000Z
2022-02-09T23:46:38.717Z,1970-01-01T00:00:00.000Z,2021-11-11T23:59:59.000Z
2022-02-09T00:24:53.900Z,1970-01-01T00:00:00.000Z,2021-11-10T23:59:59.000Z
2022-02-08T23:05:48.654Z,1970-01-01T00:00:00.000Z,2021-11-10T23:59:59.000Z
2022-02-07T20:58:56.629Z,1970-01-01T00:00:00.000Z,2021-11-09T23:59:59.000Z
2022-02-07T17:44:29.239Z,1970-01-01T00:00:00.000Z,2021-11-09T23:59:59.000Z
2022-02-06T19:49:11.213Z,1970-01-01T00:00:00.000Z,2021-11-08T23:59:59.000Z
2022-02-06T18:58:00.647Z,1970-01-01T00:00:00.000Z,2021-11-08T23:59:59.000Z
2022-02-05T19:13:55.824Z,1970-01-01T00:00:00.000Z,2021-11-07T23:59:59.000Z
2022-02-05T17:39:07.034Z,1970-01-01T00:00:00.000Z,2021-11-07T23:59:59.000Z
2022-02-04T20:16:27.173Z,1970-01-01T00:00:00.000Z,2021-11-06T23:59:59.000Z
2022-02-04T17:42:43.304Z,1970-01-01T00:00:00.000Z,2021-11-06T23:59:59.000Z
2022-02-03T23:24:35.063Z,1970-01-01T00:00:00.000Z,2021-11-05T23:59:59.000Z
2022-02-03T19:12:15.382Z,1970-01-01T00:00:00.000Z,2021-11-05T23:59:59.000Z
2022-02-02T18:24:12.075Z,1970-01-01T00:00:00.000Z,2021-11-04T23:59:59.000Z
2022-02-01T18:30:55.610Z,1970-01-01T00:00:00.000Z,2021-11-03T23:59:59.000Z
2022-02-01T17:59:42.699Z,1970-01-01T00:00:00.000Z,2021-11-03T23:59:59.000Z
2022-01-31T21:04:30.906Z,1970-01-01T00:00:00.000Z,2021-11-02T23:59:59.000Z
2022-01-31T20:53:29.040Z,1970-01-01T00:00:00.000Z,2021-11-02T23:59:59.000Z
2022-01-30T16:48:50.613Z,1970-01-01T00:00:00.000Z,2021-11-01T23:59:59.000Z
2022-01-30T16:11:20.302Z,1970-01-01T00:00:00.000Z,2021-11-01T23:59:59.000Z
2022-01-29T19:11:01.214Z,1970-01-01T00:00:00.000Z,2021-10-31T23:59:59.000Z
2022-01-29T18:42:47.718Z,1970-01-01T00:00:00.000Z,2021-10-31T23:59:59.000Z
2022-01-28T17:48:47.140Z,1970-01-01T00:00:00.000Z,2021-10-30T23:59:59.000Z
2022-01-28T17:48:42.733Z,1970-01-01T00:00:00.000Z,2021-10-30T23:59:59.000Z
2022-01-27T16:51:26.379Z,1970-01-01T00:00:00.000Z,2021-10-29T23:59:59.000Z
2022-01-27T16:50:08.227Z,1970-01-01T00:00:00.000Z,2021-10-29T23:59:59.000Z
2022-01-26T23:23:25.989Z,1970-01-01T00:00:00.000Z,2021-10-28T23:59:59.000Z
2022-01-26T18:30:51.869Z,1970-01-01T00:00:00.000Z,2021-10-28T23:59:59.000Z
2022-01-26T18:20:57.519Z,1970-01-01T00:00:00.000Z,2021-10-28T23:59:59.000Z
2022-01-25T22:05:31.766Z,1970-01-01T00:00:00.000Z,2021-10-27T23:59:59.000Z
2022-01-25T21:27:24.796Z,1970-01-01T00:00:00.000Z,2021-10-27T23:59:59.000Z
2022-01-24T18:04:16.704Z,1970-01-01T00:00:00.000Z,2021-10-26T23:59:59.000Z
2022-01-24T17:42:53.813Z,1970-01-01T00:00:00.000Z,2021-10-26T23:59:59.000Z
2022-01-23T17:28:53.647Z,1970-01-01T00:00:00.000Z,2021-10-25T23:59:59.000Z
2022-01-22T20:25:53.170Z,1970-01-01T00:00:00.000Z,2021-10-24T23:59:59.000Z
2022-01-22T15:27:08.126Z,1970-01-01T00:00:00.000Z,2021-10-24T23:59:59.000Z
2022-01-22T15:26:42.245Z,1970-01-01T00:00:00.000Z,2021-10-24T23:59:59.000Z
2022-01-21T16:32:02.150Z,1970-01-01T00:00:00.000Z,2021-10-23T23:59:59.000Z
2022-01-20T20:42:00.005Z,1970-01-01T00:00:00.000Z,2021-10-22T23:59:59.000Z
2022-01-20T20:09:14.341Z,1970-01-01T00:00:00.000Z,2021-10-22T23:59:59.000Z
2022-01-19T21:15:42.125Z,1970-01-01T00:00:00.000Z,2021-10-21T23:59:59.000Z
2022-01-19T17:23:51.924Z,1970-01-01T00:00:00.000Z,2021-10-21T23:59:59.000Z
2022-01-19T17:12:41.322Z,1970-01-01T00:00:00.000Z,2021-10-21T23:59:59.000Z
2022-01-18T18:00:15.716Z,1970-01-01T00:00:00.000Z,2021-10-20T23:59:59.000Z
2022-01-18T17:50:53.007Z,1970-01-01T00:00:00.000Z,2021-10-20T23:59:59.000Z
2022-01-17T15:06:51.644Z,1970-01-01T00:00:00.000Z,2021-10-19T23:59:59.000Z
2022-01-16T17:10:42.466Z,1970-01-01T00:00:00.000Z,2021-10-18T23:59:59.000Z
2022-01-16T16:24:30.879Z,1970-01-01T00:00:00.000Z,2021-10-18T23:59:59.000Z
2022-01-15T18:10:06.067Z,1970-01-01T00:00:00.000Z,2021-10-17T23:59:59.000Z
2022-01-15T17:58:13.953Z,1970-01-01T00:00:00.000Z,2021-10-17T23:59:59.000Z
2022-01-14T17:23:44.710Z,1970-01-01T00:00:00.000Z,2021-10-16T23:59:59.000Z
2022-01-14T15:54:42.045Z,1970-01-01T00:00:00.000Z,2021-10-16T23:59:59.000Z
2022-01-13T18:34:29.378Z,1970-01-01T00:00:00.000Z,2021-10-15T23:59:59.000Z
2022-01-13T18:32:04.937Z,1970-01-01T00:00:00.000Z,2021-10-15T23:59:59.000Z
2022-01-13T00:29:21.776Z,1970-01-01T00:00:00.000Z,2021-10-14T23:59:59.000Z
2022-01-12T19:57:00.998Z,1970-01-01T00:00:00.000Z,2021-10-14T23:59:59.000Z
2022-01-11T15:27:01.766Z,1970-01-01T00:00:00.000Z,2021-10-13T23:59:59.000Z
2022-01-11T14:36:29.368Z,1970-01-01T00:00:00.000Z,2021-10-13T23:59:59.000Z
2022-01-10T21:50:59.154Z,1970-01-01T00:00:00.000Z,2021-10-12T23:59:59.000Z
2022-01-10T17:01:31.724Z,1970-01-01T00:00:00.000Z,2021-10-12T23:59:59.000Z
2022-01-10T16:01:31.641Z,1970-01-01T00:00:00.000Z,2021-10-12T23:59:59.000Z
2022-01-09T16:52:20.220Z,1970-01-01T00:00:00.000Z,2021-10-11T23:59:59.000Z
2022-01-09T16:48:36.910Z,1970-01-01T00:00:00.000Z,2021-10-11T23:59:59.000Z
2022-01-08T16:46:45.493Z,1970-01-01T00:00:00.000Z,2021-10-10T23:59:59.000Z
2022-01-08T15:08:29.818Z,1970-01-01T00:00:00.000Z,2021-10-10T23:59:59.000Z
2022-01-07T14:11:18.652Z,1970-01-01T00:00:00.000Z,2021-10-09T23:59:59.000Z
2022-01-07T14:09:00.885Z,1970-01-01T00:00:00.000Z,2021-10-09T23:59:59.000Z
2022-01-06T16:22:01.793Z,1970-01-01T00:00:00.000Z,2021-10-08T23:59:59.000Z
2022-01-06T16:02:56.119Z,1970-01-01T00:00:00.000Z,2021-10-08T23:59:59.000Z
2022-01-05T17:06:23.137Z,1970-01-01T00:00:00.000Z,2021-10-07T23:59:59.000Z
2022-01-05T17:03:39.714Z,1970-01-01T00:00:00.000Z,2021-10-07T23:59:59.000Z
2022-01-04T17:01:47.768Z,1970-01-01T00:00:00.000Z,2021-10-06T23:59:59.000Z
2022-01-04T17:01:03.405Z,1970-01-01T00:00:00.000Z,2021-10-06T23:59:59.000Z
2022-01-03T17:03:08.215Z,1970-01-01T00:00:00.000Z,2021-10-05T23:59:59.000Z
2022-01-03T17:02:47.628Z,1970-01-01T00:00:00.000Z,2021-10-05T23:59:59.000Z
2022-01-02T16:36:23.043Z,1970-01-01T00:00:00.000Z,2021-10-04T23:59:59.000Z
2022-01-02T16:34:15.462Z,1970-01-01T00:00:00.000Z,2021-10-04T23:59:59.000Z
2022-01-01T20:13:33.884Z,1970-01-01T00:00:00.000Z,2021-10-03T23:59:59.000Z
2022-01-01T17:08:51.128Z,1970-01-01T00:00:00.000Z,2021-10-03T23:59:59.000Z
2021-12-31T16:53:05.406Z,1970-01-01T00:00:00.000Z,2021-10-02T23:59:59.000Z
2021-12-31T16:23:16.049Z,1970-01-01T00:00:00.000Z,2021-10-02T23:59:59.000Z
2021-12-30T16:54:39.758Z,1970-01-01T00:00:00.000Z,2021-10-01T23:59:59.000Z
2021-12-30T16:51:58.185Z,1970-01-01T00:00:00.000Z,2021-10-01T23:59:59.000Z
2021-12-29T15:05:08.330Z,1970-01-01T00:00:00.000Z,2021-09-30T23:59:59.000Z
2021-12-29T15:02:35.504Z,1970-01-01T00:00:00.000Z,2021-09-30T23:59:59.000Z
2021-12-28T16:52:33.770Z,1970-01-01T00:00:00.000Z,2021-09-29T23:59:59.000Z
2021-12-28T16:52:12.881Z,1970-01-01T00:00:00.000Z,2021-09-29T23:59:59.000Z
2021-12-27T16:47:06.635Z,1970-01-01T00:00:00.000Z,2021-09-28T23:59:59.000Z
2021-12-27T16:46:01.999Z,1970-01-01T00:00:00.000Z,2021-09-28T23:59:59.000Z
2021-12-26T13:16:16.663Z,1970-01-01T00:00:00.000Z,2021-09-27T23:59:59.000Z
2021-12-26T12:06:59.931Z,1970-01-01T00:00:00.000Z,2021-09-27T23:59:59.000Z
2021-12-25T16:45:12.035Z,1970-01-01T00:00:00.000Z,2021-09-26T23:59:59.000Z
2021-12-25T16:38:29.888Z,1970-01-01T00:00:00.000Z,2021-09-26T23:59:59.000Z
2021-12-24T15:42:31.093Z,1970-01-01T00:00:00.000Z,2021-09-25T23:59:59.000Z
2021-12-24T15:41:18.978Z,1970-01-01T00:00:00.000Z,2021-09-25T23:59:59.000Z
2021-12-24T15:39:40.849Z,1970-01-01T00:00:00.000Z,2021-09-25T23:59:59.000Z
2021-12-23T16:44:28.314Z,1970-01-01T00:00:00.000Z,2021-09-24T23:59:59.000Z
2021-12-23T16:33:56.768Z,1970-01-01T00:00:00.000Z,2021-09-24T23:59:59.000Z
2021-12-22T18:32:11.854Z,1970-01-01T00:00:00.000Z,2021-09-23T23:59:59.000Z
2021-12-22T18:24:27.534Z,1970-01-01T00:00:00.000Z,2021-09-23T23:59:59.000Z
2021-12-21T16:33:17.269Z,1970-01-01T00:00:00.000Z,2021-09-22T23:59:59.000Z
2021-12-21T15:25:19.149Z,1970-01-01T00:00:00.000Z,2021-09-22T23:59:59.000Z
2021-12-21T15:21:02.459Z,1970-01-01T00:00:00.000Z,2021-09-22T23:59:59.000Z
2021-12-20T16:57:01.302Z,1970-01-01T00:00:00.000Z,2021-09-21T23:59:59.000Z
2021-12-19T18:54:47.926Z,1970-01-01T00:00:00.000Z,2021-09-20T23:59:59.000Z
2021-12-19T14:43:32.137Z,1970-01-01T00:00:00.000Z,2021-09-20T23:59:59.000Z
2021-12-18T16:26:15.131Z,1970-01-01T00:00:00.000Z,2021-09-19T23:59:59.000Z
2021-12-18T16:19:57.885Z,1970-01-01T00:00:00.000Z,2021-09-19T23:59:59.000Z
2021-12-17T16:42:24.493Z,1970-01-01T00:00:00.000Z,2021-09-18T23:59:59.000Z
2021-12-17T16:40:35.456Z,1970-01-01T00:00:00.000Z,2021-09-18T23:59:59.000Z
2021-12-16T15:52:07.851Z,1970-01-01T00:00:00.000Z,2021-09-17T23:59:59.000Z
2021-12-16T15:51:04.337Z,1970-01-01T00:00:00.000Z,2021-09-17T23:59:59.000Z
2021-12-16T15:40:23.569Z,1970-01-01T00:00:00.000Z,2021-09-17T23:59:59.000Z
2021-12-15T19:37:43.001Z,1970-01-01T00:00:00.000Z,2021-09-16T23:59:59.000Z
2021-12-15T15:58:17.347Z,1970-01-01T00:00:00.000Z,2021-09-16T23:59:59.000Z
2021-12-14T19:21:07.028Z,1970-01-01T00:00:00.000Z,2021-09-15T23:59:59.000Z
2021-12-14T18:29:13.639Z,1970-01-01T00:00:00.000Z,2021-09-15T23:59:59.000Z
2021-12-13T19:19:49.532Z,1970-01-01T00:00:00.000Z,2021-09-14T23:59:59.000Z
2021-12-13T14:37:22.660Z,1970-01-01T00:00:00.000Z,2021-09-14T23:59:59.000Z
2021-12-12T16:13:21.225Z,1970-01-01T00:00:00.000Z,2021-09-13T23:59:59.000Z
2021-12-12T13:20:56.217Z,1970-01-01T00:00:00.000Z,2021-09-13T23:59:59.000Z
2021-12-11T14:46:24.924Z,1970-01-01T00:00:00.000Z,2021-09-12T23:59:59.000Z
2021-12-11T14:44:14.769Z,1970-01-01T00:00:00.000Z,2021-09-12T23:59:59.000Z
2021-12-10T16:32:03.066Z,1970-01-01T00:00:00.000Z,2021-09-11T23:59:59.000Z
2021-12-10T16:23:32.185Z,1970-01-01T00:00:00.000Z,2021-09-11T23:59:59.000Z
2021-12-09T21:27:21.265Z,1970-01-01T00:00:00.000Z,2021-09-10T23:59:59.000Z
2021-12-09T18:38:30.024Z,1970-01-01T00:00:00.000Z,2021-09-10T23:59:59.000Z
2021-12-08T20:22:36.652Z,1970-01-01T00:00:00.000Z,2021-09-09T23:59:59.000Z
2021-12-08T19:28:59.461Z,1970-01-01T00:00:00.000Z,2021-09-09T23:59:59.000Z
2021-12-07T22:05:34.094Z,1970-01-01T00:00:00.000Z,2021-09-08T23:59:59.000Z
2021-12-07T14:00:46.017Z,1970-01-01T00:00:00.000Z,2021-09-08T23:59:59.000Z
2021-12-06T16:36:57.988Z,1970-01-01T00:00:00.000Z,2021-09-07T23:59:59.000Z
2021-12-06T16:36:40.925Z,1970-01-01T00:00:00.000Z,2021-09-07T23:59:59.000Z
2021-12-05T17:32:14.622Z,1970-01-01T00:00:00.000Z,2021-09-06T23:59:59.000Z
2021-12-05T17:31:02.244Z,1970-01-01T00:00:00.000Z,2021-09-06T23:59:59.000Z
2021-12-04T17:34:28.733Z,1970-01-01T00:00:00.000Z,2021-09-05T23:59:59.000Z
2021-12-04T17:15:54.728Z,1970-01-01T00:00:00.000Z,2021-09-05T23:59:59.000Z
2021-12-03T16:46:41.118Z,1970-01-01T00:00:00.000Z,2021-09-04T23:59:59.000Z
2021-12-03T16:34:25.286Z,1970-01-01T00:00:00.000Z,2021-09-04T23:59:59.000Z
2021-12-02T16:41:51.234Z,1970-01-01T00:00:00.000Z,2021-09-03T23:59:59.000Z
2021-12-02T16:33:43.003Z,1970-01-01T00:00:00.000Z,2021-09-03T23:59:59.000Z
2021-12-01T13:57:52.505Z,1970-01-01T00:00:00.000Z,2021-09-02T23:59:59.000Z
2021-11-30T16:35:17.894Z,1970-01-01T00:00:00.000Z,2021-09-01T23:59:59.000Z
2021-11-30T16:04:28.971Z,1970-01-01T00:00:00.000Z,2021-09-01T23:59:59.000Z
2021-11-29T16:16:49.176Z,1970-01-01T00:00:00.000Z,2021-08-31T23:59:59.000Z
2021-11-29T16:05:51.881Z,1970-01-01T00:00:00.000Z,2021-08-31T23:59:59.000Z
2021-11-28T20:43:45.696Z,1970-01-01T00:00:00.000Z,2021-08-30T23:59:59.000Z
2021-11-28T15:53:21.149Z,1970-01-01T00:00:00.000Z,2021-08-30T23:59:59.000Z
2021-11-27T15:59:39.379Z,1970-01-01T00:00:00.000Z,2021-08-29T23:59:59.000Z
2021-11-27T15:54:21.158Z,1970-01-01T00:00:00.000Z,2021-08-29T23:59:59.000Z
2021-11-26T16:35:31.678Z,1970-01-01T00:00:00.000Z,2021-08-28T23:59:59.000Z
2021-11-26T16:33:21.650Z,1970-01-01T00:00:00.000Z,2021-08-28T23:59:59.000Z
2021-11-25T16:05:46.479Z,1970-01-01T00:00:00.000Z,2021-08-27T23:59:59.000Z
2021-11-25T15:58:34.370Z,1970-01-01T00:00:00.000Z,2021-08-27T23:59:59.000Z
2021-11-24T15:53:09.842Z,1970-01-01T00:00:00.000Z,2021-08-26T23:59:59.000Z
2021-11-23T15:46:22.095Z,1970-01-01T00:00:00.000Z,2021-08-25T23:59:59.000Z
2021-11-23T15:31:34.884Z,1970-01-01T00:00:00.000Z,2021-08-25T23:59:59.000Z
2021-11-23T15:23:01.972Z,1970-01-01T00:00:00.000Z,2021-08-25T23:59:59.000Z
2021-11-22T20:35:18.218Z,1970-01-01T00:00:00.000Z,2021-08-24T23:59:59.000Z
2021-11-22T15:40:07.547Z,1970-01-01T00:00:00.000Z,2021-08-24T23:59:59.000Z
2021-11-22T15:28:52.154Z,1970-01-01T00:00:00.000Z,2021-08-24T23:59:59.000Z
2021-11-21T18:57:40.352Z,1970-01-01T00:00:00.000Z,2021-08-23T23:59:59.000Z
2021-11-20T17:55:43.536Z,1970-01-01T00:00:00.000Z,2021-08-22T23:59:59.000Z
2021-11-20T17:43:32.813Z,1970-01-01T00:00:00.000Z,2021-08-22T23:59:59.000Z
2021-11-19T16:52:32.281Z,1970-01-01T00:00:00.000Z,2021-08-21T23:59:59.000Z
2021-11-19T16:38:50.284Z,1970-01-01T00:00:00.000Z,2021-08-21T23:59:59.000Z
2021-11-18T19:33:23.561Z,1970-01-01T00:00:00.000Z,2021-08-20T23:59:59.000Z
2021-11-18T15:18:54.117Z,1970-01-01T00:00:00.000Z,2021-08-20T23:59:59.000Z
2021-11-17T16:52:32.849Z,1970-01-01T00:00:00.000Z,2021-08-19T23:59:59.000Z
2021-11-17T16:08:12.084Z,1970-01-01T00:00:00.000Z,2021-08-19T23:59:59.000Z
2021-11-17T15:58:37.853Z,1970-01-01T00:00:00.000Z,2021-08-19T23:59:59.000Z
2021-11-16T17:58:47.339Z,1970-01-01T00:00:00.000Z,2021-08-18T23:59:59.000Z
2021-11-16T17:13:59.415Z,1970-01-01T00:00:00.000Z,2021-08-18T23:59:59.000Z
2021-11-15T15:12:29.329Z,1970-01-01T00:00:00.000Z,2021-08-17T23:59:59.000Z
2021-11-15T14:45:05.543Z,1970-01-01T00:00:00.000Z,2021-08-17T23:59:59.000Z
2021-11-14T14:26:06.811Z,1970-01-01T00:00:00.000Z,2021-08-16T23:59:59.000Z
2021-11-14T14:09:29.333Z,1970-01-01T00:00:00.000Z,2021-08-16T23:59:59.000Z
2021-11-13T19:36:51.890Z,1970-01-01T00:00:00.000Z,2021-08-15T23:59:59.000Z
2021-11-12T16:01:49.471Z,1970-01-01T00:00:00.000Z,2021-08-14T23:59:59.000Z
2021-11-12T15:52:36.686Z,1970-01-01T00:00:00.000Z,2021-08-14T23:59:59.000Z
2021-11-11T11:26:41.526Z,1970-01-01T00:00:00.000Z,2021-08-13T23:59:59.000Z
2021-11-11T10:41:08.809Z,1970-01-01T00:00:00.000Z,2021-08-13T23:59:59.000Z
2021-11-10T15:42:04.512Z,1970-01-01T00:00:00.000Z,2021-08-12T23:59:59.000Z
2021-11-10T15:01:30.373Z,1970-01-01T00:00:00.000Z,2021-08-12T23:59:59.000Z
2021-11-09T16:02:34.130Z,1970-01-01T00:00:00.000Z,2021-08-11T23:59:59.000Z
2021-11-09T15:42:06.518Z,1970-01-01T00:00:00.000Z,2021-08-11T23:59:59.000Z
2021-11-08T13:43:40.171Z,1970-01-01T00:00:00.000Z,2021-08-10T23:59:59.000Z
2021-11-08T12:36:08.485Z,1970-01-01T00:00:00.000Z,2021-08-10T23:59:59.000Z
2021-11-07T20:10:48.423Z,1970-01-01T00:00:00.000Z,2021-08-09T23:59:59.000Z
2021-11-06T14:02:09.257Z,1970-01-01T00:00:00.000Z,2021-08-08T23:59:59.000Z
2021-11-05T14:17:27.969Z,1970-01-01T00:00:00.000Z,2021-08-07T23:59:59.000Z
2021-11-05T13:49:49.056Z,1970-01-01T00:00:00.000Z,2021-08-07T23:59:59.000Z
2021-11-04T14:31:19.234Z,1970-01-01T00:00:00.000Z,2021-08-06T23:59:59.000Z
2021-11-04T14:19:33.014Z,1970-01-01T00:00:00.000Z,2021-08-06T23:59:59.000Z
2021-11-03T18:55:55.967Z,1970-01-01T00:00:00.000Z,2021-08-05T23:59:59.000Z
2021-11-03T17:17:17.896Z,1970-01-01T00:00:00.000Z,2021-08-05T23:59:59.000Z
2021-11-02T13:58:59.805Z,1970-01-01T00:00:00.000Z,2021-08-04T23:59:59.000Z
2021-11-02T12:58:03.916Z,1970-01-01T00:00:00.000Z,2021-08-04T23:59:59.000Z
2021-11-01T14:08:50.417Z,1970-01-01T00:00:00.000Z,2021-08-03T23:59:59.000Z
2021-11-01T14:05:57.440Z,1970-01-01T00:00:00.000Z,2021-08-03T23:59:59.000Z
2021-10-31T14:29:17.954Z,1970-01-01T00:00:00.000Z,2021-08-02T23:59:59.000Z
2021-10-31T13:33:33.437Z,1970-01-01T00:00:00.000Z,2021-08-02T23:59:59.000Z
2021-10-30T14:50:57.507Z,1970-01-01T00:00:00.000Z,2021-08-01T23:59:59.000Z
2021-10-30T14:43:47.084Z,1970-01-01T00:00:00.000Z,2021-08-01T23:59:59.000Z
2021-10-30T14:40:34.921Z,1970-01-01T00:00:00.000Z,2021-08-01T23:59:59.000Z
2021-10-29T15:22:49.214Z,1970-01-01T00:00:00.000Z,2021-07-31T23:59:59.000Z
2021-10-29T14:00:37.308Z,1970-01-01T00:00:00.000Z,2021-07-31T23:59:59.000Z
2021-10-28T15:23:51.815Z,1970-01-01T00:00:00.000Z,2021-07-30T23:59:59.000Z
2021-10-28T15:22:27.891Z,1970-01-01T00:00:00.000Z,2021-07-30T23:59:59.000Z
2021-10-27T14:53:58.031Z,1970-01-01T00:00:00.000Z,2021-07-29T23:59:59.000Z
2021-10-27T14:53:38.537Z,1970-01-01T00:00:00.000Z,2021-07-29T23:59:59.000Z
2021-10-26T18:43:59.665Z,1970-01-01T00:00:00.000Z,2021-07-28T23:59:59.000Z
2021-10-26T18:20:56.460Z,1970-01-01T00:00:00.000Z,2021-07-28T23:59:59.000Z
2021-10-26T14:39:20.099Z,1970-01-01T00:00:00.000Z,2021-07-28T23:59:59.000Z
2021-10-26T14:34:23.492Z,1970-01-01T00:00:00.000Z,2021-07-28T23:59:59.000Z
2021-10-25T14:02:42.115Z,1970-01-01T00:00:00.000Z,2021-07-27T23:59:59.000Z
2021-10-25T14:02:06.004Z,1970-01-01T00:00:00.000Z,2021-07-27T23:59:59.000Z
2021-10-24T11:47:16.474Z,1970-01-01T00:00:00.000Z,2021-07-26T23:59:59.000Z
2021-10-24T11:36:32.697Z,1970-01-01T00:00:00.000Z,2021-07-26T23:59:59.000Z
2021-10-23T13:08:58.931Z,1970-01-01T00:00:00.000Z,2021-07-25T23:59:59.000Z
2021-10-22T18:26:34.817Z,1970-01-01T00:00:00.000Z,2021-07-24T23:59:59.000Z
2021-10-22T13:04:07.187Z,1970-01-01T00:00:00.000Z,2021-07-24T23:59:59.000Z
2021-10-21T13:54:58.575Z,1970-01-01T00:00:00.000Z,2021-07-23T23:59:59.000Z
2021-10-20T18:20:14.884Z,1970-01-01T00:00:00.000Z,2021-07-22T23:59:59.000Z
2021-10-20T13:51:11.283Z,1970-01-01T00:00:00.000Z,2021-07-22T23:59:59.000Z
2021-10-19T13:48:25.679Z,1970-01-01T00:00:00.000Z,2021-07-21T23:59:59.000Z
2021-10-19T12:12:24.364Z,1970-01-01T00:00:00.000Z,2021-07-21T23:59:59.000Z
2021-10-18T22:55:51.122Z,1970-01-01T00:00:00.000Z,2021-07-20T23:59:59.000Z
2021-10-18T19:38:11.197Z,1970-01-01T00:00:00.000Z,2021-07-20T23:59:59.000Z
2021-10-17T19:31:54.357Z,1970-01-01T00:00:00.000Z,2021-07-19T23:59:59.000Z
2021-10-17T18:33:29.484Z,1970-01-01T00:00:00.000Z,2021-07-19T23:59:59.000Z
2021-10-16T14:40:15.904Z,1970-01-01T00:00:00.000Z,2021-07-18T23:59:59.000Z
2021-10-16T14:36:22.851Z,1970-01-01T00:00:00.000Z,2021-07-18T23:59:59.000Z
2021-10-16T14:16:33.710Z,1970-01-01T00:00:00.000Z,2021-07-18T23:59:59.000Z
2021-10-15T13:43:20.605Z,1970-01-01T00:00:00.000Z,2021-07-17T23:59:59.000Z
2021-10-14T13:04:07.891Z,1970-01-01T00:00:00.000Z,2021-07-16T23:59:59.000Z
2021-10-14T12:42:04.322Z,1970-01-01T00:00:00.000Z,2021-07-16T23:59:59.000Z
2021-10-13T22:01:53.045Z,1970-01-01T00:00:00.000Z,2021-07-15T23:59:59.000Z
2021-10-13T15:29:01.660Z,1970-01-01T00:00:00.000Z,2021-07-15T23:59:59.000Z
2021-10-13T15:18:18.487Z,1970-01-01T00:00:00.000Z,2021-07-15T23:59:59.000Z
2021-10-12T13:54:46.912Z,1970-01-01T00:00:00.000Z,2021-07-14T23:59:59.000Z
2021-10-12T13:32:56.405Z,1970-01-01T00:00:00.000Z,2021-07-14T23:59:59.000Z
2021-10-11T13:01:57.870Z,1970-01-01T00:00:00.000Z,2021-07-13T23:59:59.000Z
2021-10-11T13:01:11.447Z,1970-01-01T00:00:00.000Z,2021-07-13T23:59:59.000Z
2021-10-10T16:07:41.727Z,1970-01-01T00:00:00.000Z,2021-07-12T23:59:59.000Z
2021-10-10T16:04:56.419Z,1970-01-01T00:00:00.000Z,2021-07-12T23:59:59.000Z
2021-10-09T19:42:40.875Z,1970-01-01T00:00:00.000Z,2021-07-11T23:59:59.000Z
2021-10-09T13:35:39.669Z,1970-01-01T00:00:00.000Z,2021-07-11T23:59:59.000Z
2021-10-09T13:35:06.433Z,1970-01-01T00:00:00.000Z,2021-07-11T23:59:59.000Z
2021-10-08T17:51:17.373Z,1970-01-01T00:00:00.000Z,2021-07-10T23:59:59.000Z
2021-10-07T14:02:09.632Z,1970-01-01T00:00:00.000Z,2021-07-09T23:59:59.000Z
2021-10-07T13:50:08.362Z,1970-01-01T00:00:00.000Z,2021-07-09T23:59:59.000Z
2021-10-06T13:36:48.346Z,1970-01-01T00:00:00.000Z,2021-07-08T23:59:59.000Z
2021-10-06T13:30:56.706Z,1970-01-01T00:00:00.000Z,2021-07-08T23:59:59.000Z
2021-10-05T13:51:29.330Z,1970-01-01T00:00:00.000Z,2021-07-07T23:59:59.000Z
2021-10-05T13:07:12.514Z,1970-01-01T00:00:00.000Z,2021-07-07T23:59:59.000Z
2021-10-04T14:01:17.425Z,1970-01-01T00:00:00.000Z,2021-07-06T23:59:59.000Z
2021-10-04T13:59:24.021Z,1970-01-01T00:00:00.000Z,2021-07-06T23:59:59.000Z
2021-10-03T13:22:01.456Z,1970-01-01T00:00:00.000Z,2021-07-05T23:59:59.000Z
2021-10-03T13:02:38.025Z,1970-01-01T00:00:00.000Z,2021-07-05T23:59:59.000Z
2021-10-02T13:38:33.371Z,1970-01-01T00:00:00.000Z,2021-07-04T23:59:59.000Z
2021-10-02T12:57:00.131Z,1970-01-01T00:00:00.000Z,2021-07-04T23:59:59.000Z
2021-10-01T17:36:44.007Z,1970-01-01T00:00:00.000Z,2021-07-03T23:59:59.000Z
2021-10-01T13:27:10.719Z,1970-01-01T00:00:00.000Z,2021-07-03T23:59:59.000Z
2021-10-01T12:55:46.828Z,1970-01-01T00:00:00.000Z,2021-07-03T23:59:59.000Z
2021-09-30T18:56:03.130Z,1970-01-01T00:00:00.000Z,2021-07-02T23:59:59.000Z
2021-09-29T21:26:08.020Z,1970-01-01T00:00:00.000Z,2021-07-01T23:59:59.000Z
2021-09-29T17:18:27.810Z,1970-01-01T00:00:00.000Z,2021-07-01T23:59:59.000Z
2021-09-29T13:19:02.404Z,1970-01-01T00:00:00.000Z,2021-07-01T23:59:59.000Z
2021-09-29T13:03:48.234Z,1970-01-01T00:00:00.000Z,2021-07-01T23:59:59.000Z
2021-09-28T12:48:42.326Z,1970-01-01T00:00:00.000Z,2021-06-30T23:59:59.000Z
2021-09-28T12:43:35.986Z,1970-01-01T00:00:00.000Z,2021-06-30T23:59:59.000Z
2021-09-27T13:11:15.618Z,1970-01-01T00:00:00.000Z,2021-06-29T23:59:59.000Z
2021-09-27T13:02:22.434Z,1970-01-01T00:00:00.000Z,2021-06-29T23:59:59.000Z
2021-09-26T12:30:49.233Z,1970-01-01T00:00:00.000Z,2021-06-28T23:59:59.000Z
2021-09-26T11:58:08.487Z,1970-01-01T00:00:00.000Z,2021-06-28T23:59:59.000Z
2021-09-25T18:26:00.336Z,1970-01-01T00:00:00.000Z,2021-06-27T23:59:59.000Z
2021-09-24T12:52:33.682Z,1970-01-01T00:00:00.000Z,2021-06-26T23:59:59.000Z
2021-09-24T12:46:32.385Z,1970-01-01T00:00:00.000Z,2021-06-26T23:59:59.000Z
2021-09-23T12:54:43.522Z,1970-01-01T00:00:00.000Z,2021-06-25T23:59:59.000Z
2021-09-23T12:40:34.109Z,1970-01-01T00:00:00.000Z,2021-06-25T23:59:59.000Z
2021-09-22T12:40:59.430Z,1970-01-01T00:00:00.000Z,2021-06-24T23:59:59.000Z
2021-09-22T12:33:26.576Z,1970-01-01T00:00:00.000Z,2021-06-24T23:59:59.000Z
2021-09-21T13:41:56.391Z,1970-01-01T00:00:00.000Z,2021-06-23T23:59:59.000Z
2021-09-20T12:41:54.953Z,1970-01-01T00:00:00.000Z,2021-06-22T23:59:59.000Z
2021-09-20T12:19:43.758Z,1970-01-01T00:00:00.000Z,2021-06-22T23:59:59.000Z
2021-09-19T13:16:46.842Z,1970-01-01T00:00:00.000Z,2021-06-21T23:59:59.000Z
2021-09-18T13:42:53.913Z,1970-01-01T00:00:00.000Z,2021-06-20T23:59:59.000Z
2021-09-18T12:47:47.694Z,1970-01-01T00:00:00.000Z,2021-06-20T23:59:59.000Z
2021-09-17T15:30:56.936Z,1970-01-01T00:00:00.000Z,2021-06-19T23:59:59.000Z
2021-09-17T15:24:44.742Z,1970-01-01T00:00:00.000Z,2021-06-19T23:59:59.000Z
2021-09-16T13:09:03.248Z,1970-01-01T00:00:00.000Z,2021-06-18T23:59:59.000Z
2021-09-16T13:02:16.242Z,1970-01-01T00:00:00.000Z,2021-06-18T23:59:59.000Z
2021-09-15T12:46:54.990Z,1970-01-01T00:00:00.000Z,2021-06-17T23:59:59.000Z
2021-09-15T12:43:20.113Z,1970-01-01T00:00:00.000Z,2021-06-17T23:59:59.000Z
2021-09-14T15:02:21.765Z,1970-01-01T00:00:00.000Z,2021-06-16T23:59:59.000Z
2021-09-14T15:00:33.441Z,1970-01-01T00:00:00.000Z,2021-06-16T23:59:59.000Z
2021-09-13T12:18:11.050Z,1970-01-01T00:00:00.000Z,2021-06-15T23:59:59.000Z
2021-09-12T18:09:52.726Z,1970-01-01T00:00:00.000Z,2021-06-14T23:59:59.000Z
2021-09-12T12:28:37.455Z,1970-01-01T00:00:00.000Z,2021-06-14T23:59:59.000Z
2021-09-12T12:23:54.114Z,1970-01-01T00:00:00.000Z,2021-06-14T23:59:59.000Z
2021-09-11T12:31:16.879Z,1970-01-01T00:00:00.000Z,2021-06-13T23:59:59.000Z
2021-09-10T12:25:55.905Z,1970-01-01T00:00:00.000Z,2021-06-12T23:59:59.000Z
2021-09-09T12:37:37.392Z,1970-01-01T00:00:00.000Z,2021-06-11T23:59:59.000Z
2021-09-09T12:11:02.752Z,1970-01-01T00:00:00.000Z,2021-06-11T23:59:59.000Z
2021-09-08T12:27:21.716Z,1970-01-01T00:00:00.000Z,2021-06-10T23:59:59.000Z
2021-09-08T12:24:19.027Z,1970-01-01T00:00:00.000Z,2021-06-10T23:59:59.000Z
2021-09-07T14:37:15.501Z,1970-01-01T00:00:00.000Z,2021-06-09T23:59:59.000Z
2021-09-07T14:25:18.411Z,1970-01-01T00:00:00.000Z,2021-06-09T23:59:59.000Z
2021-09-06T19:05:15.535Z,1970-01-01T00:00:00.000Z,2021-06-08T23:59:59.000Z
2021-09-06T18:56:39.221Z,1970-01-01T00:00:00.000Z,2021-06-08T23:59:59.000Z
2021-09-05T12:25:17.165Z,1970-01-01T00:00:00.000Z,2021-06-07T23:59:59.000Z
2021-09-05T12:23:27.199Z,1970-01-01T00:00:00.000Z,2021-06-07T23:59:59.000Z
2021-09-04T12:39:11.048Z,1970-01-01T00:00:00.000Z,2021-06-06T23:59:59.000Z
2021-09-04T12:37:30.328Z,1970-01-01T00:00:00.000Z,2021-06-06T23:59:59.000Z
