{
  "features" : [ {
    "geometry" : {
      "coordinates" : [ -105.06317899999999, 39.867532 ],
      "type" : "Point"
    },
    "properties" : {
      "address" : "9404 N Ingalls St, Westminster, CO 80031, USA",
      "name" : "Home"
    },
    "type" : "Feature"
  }, {
    "geometry" : {
      "coordinates" : [ -105.2496285, 39.992910099999996 ],
      "type" : "Point"
    },
    "properties" : {
      "address" : "3660 Berkley Ave, Boulder, CO 80305, USA",
      "name" : "Parked here"
    },
    "type" : "Feature"
  } ],
  "type" : "FeatureCollection"
}